
INSERT INTO `Astrologers` (`id`, `name`, `surname`, `email`, `photo`, `biography`) VALUES
    (1,	'Travis',	'Scot',	'lc@astro.com',	'/images/photo.jpeg',	'Lorem ipsum dolor sit amet, consectetur adipiscing elit. Fusce eget eros facilisis dolor feugiat suscipit. Vivamus vel ligula quis urna pretium pulvinar. Phasellus sit amet pharetra dui. In lacinia velit ut vehicula lobortis. Nam sed turpis sit amet eros hendrerit varius eu in odio. Aliquam vitae tortor sodales purus feugiat laoreet condimentum ac metus. Pellentesque eget turpis fringilla, faucibus erat a, rutrum purus. Sed eu tellus at lectus maximus fringilla.'),
    (2,	'Kevin',	'Makalister',	'ken@astro.com',	'/images/photo.jpeg',	'Lorem ipsum dolor sit amet, consectetur adipiscing elit. Fusce eget eros facilisis dolor feugiat suscipit. Vivamus vel ligula quis urna pretium pulvinar. Phasellus sit amet pharetra dui. In lacinia velit ut vehicula lobortis. Nam sed turpis sit amet eros hendrerit varius eu in odio. Aliquam vitae tortor sodales purus feugiat laoreet condimentum ac metus. Pellentesque eget turpis fringilla, faucibus erat a, rutrum purus. Sed eu tellus at lectus maximus fringilla.'),
    (3,	'Barbara',	'Streisen',	'barbara@astro.com',	'/images/photo.jpeg',	'Lorem ipsum dolor sit amet, consectetur adipiscing elit. Fusce eget eros facilisis dolor feugiat suscipit. Vivamus vel ligula quis urna pretium pulvinar. Phasellus sit amet pharetra dui. In lacinia velit ut vehicula lobortis. Nam sed turpis sit amet eros hendrerit varius eu in odio. Aliquam vitae tortor sodales purus feugiat laoreet condimentum ac metus. Pellentesque eget turpis fringilla, faucibus erat a, rutrum purus. Sed eu tellus at lectus maximus fringilla.'),
    (4,	'Kevin',	'Hart',	'kevin@astro.com',	'/images/photo.jpeg',	'Lorem ipsum dolor sit amet, consectetur adipiscing elit. Fusce eget eros facilisis dolor feugiat suscipit. Vivamus vel ligula quis urna pretium pulvinar. Phasellus sit amet pharetra dui. In lacinia velit ut vehicula lobortis. Nam sed turpis sit amet eros hendrerit varius eu in odio. Aliquam vitae tortor sodales purus feugiat laoreet condimentum ac metus. Pellentesque eget turpis fringilla, faucibus erat a, rutrum purus. Sed eu tellus at lectus maximus fringilla.'),
    (5,	'Suzy',	'Donovan',	'suzy@astro.com',	'/images/photo.jpeg',	'Lorem ipsum dolor sit amet, consectetur adipiscing elit. Fusce eget eros facilisis dolor feugiat suscipit. Vivamus vel ligula quis urna pretium pulvinar. Phasellus sit amet pharetra dui. In lacinia velit ut vehicula lobortis. Nam sed turpis sit amet eros hendrerit varius eu in odio. Aliquam vitae tortor sodales purus feugiat laoreet condimentum ac metus. Pellentesque eget turpis fringilla, faucibus erat a, rutrum purus. Sed eu tellus at lectus maximus fringilla.'),
    (6,	'Ema',	'Watson',	'emma@astro.com',	'/images/photo.jpeg',	'Lorem ipsum dolor sit amet, consectetur adipiscing elit. Fusce eget eros facilisis dolor feugiat suscipit. Vivamus vel ligula quis urna pretium pulvinar. Phasellus sit amet pharetra dui. In lacinia velit ut vehicula lobortis. Nam sed turpis sit amet eros hendrerit varius eu in odio. Aliquam vitae tortor sodales purus feugiat laoreet condimentum ac metus. Pellentesque eget turpis fringilla, faucibus erat a, rutrum purus. Sed eu tellus at lectus maximus fringilla.');


INSERT INTO `Products` (`id`, `name`, `description`) VALUES
    (1,	'Natal chart',	'Lorem ipsum dolor sit amet, consectetur adipiscing elit. Fusce eget eros facilisis dolor feugiat suscipit. Vivamus vel ligula quis urna pretium pulvinar. Phasellus sit amet pharetra dui. In lacinia velit ut vehicula lobortis. Nam sed turpis sit amet eros hendrerit varius eu in odio. Aliquam vitae tortor sodales purus feugiat laoreet condimentum ac metus. Pellentesque eget turpis fringilla, faucibus erat a, rutrum purus. Sed eu tellus at lectus maximus fringilla.'),
    (2,	'Detailed horoscope',	'Lorem ipsum dolor sit amet, consectetur adipiscing elit. Fusce eget eros facilisis dolor feugiat suscipit. Vivamus vel ligula quis urna pretium pulvinar. Phasellus sit amet pharetra dui. In lacinia velit ut vehicula lobortis. Nam sed turpis sit amet eros hendrerit varius eu in odio. Aliquam vitae tortor sodales purus feugiat laoreet condimentum ac metus. Pellentesque eget turpis fringilla, faucibus erat a, rutrum purus. Sed eu tellus at lectus maximus fringilla.'),
    (3,	'Compatibility Report',	'Lorem ipsum dolor sit amet, consectetur adipiscing elit. Fusce eget eros facilisis dolor feugiat suscipit. Vivamus vel ligula quis urna pretium pulvinar. Phasellus sit amet pharetra dui. In lacinia velit ut vehicula lobortis. Nam sed turpis sit amet eros hendrerit varius eu in odio. Aliquam vitae tortor sodales purus feugiat laoreet condimentum ac metus. Pellentesque eget turpis fringilla, faucibus erat a, rutrum purus. Sed eu tellus at lectus maximus fringilla.'),
    (4,	'Year horoscope',	'Lorem ipsum dolor sit amet, consectetur adipiscing elit. Fusce eget eros facilisis dolor feugiat suscipit. Vivamus vel ligula quis urna pretium pulvinar. Phasellus sit amet pharetra dui. In lacinia velit ut vehicula lobortis. Nam sed turpis sit amet eros hendrerit varius eu in odio. Aliquam vitae tortor sodales purus feugiat laoreet condimentum ac metus. Pellentesque eget turpis fringilla, faucibus erat a, rutrum purus. Sed eu tellus at lectus maximus fringilla.');

INSERT INTO `Services` (`astrologer_id`, `product_id`, `price`) VALUES
    (1,	4,	'156'),
    (4,	3,	'9.99'),
    (4,	1,	'91.99'),
    (4,	2,	'9.99'),
    (4,	2,	'8.99'),
    (1,	2,	'7.99'),
    (2,	2,	'90.99'),
    (1,	2,	'7.99'),
    (2,	2,	'6');
